provider,admission_year,eligible_edition,publication_date,application_deadline,source_scope,source_type,redistribute_values,notes
QS,2018,QS World University Rankings 2019,2018-06-06,2018-08-07,overall world ranking,provider/institutional historical evidence,false,Exact ranks used where officially published; official bands retained categorically.
QS,2019,QS World University Rankings 2020,2019-06-19,2019-08-06,overall world ranking,provider/institutional historical evidence,false,Exact ranks used where officially published; official bands retained categorically.
QS,2020,QS World University Rankings 2021,2020-06-10,2020-08-23,overall world ranking,provider/institutional historical evidence,false,Exact ranks used where officially published; official bands retained categorically.
Times Higher Education,2018,World University Rankings 2018,2017-09-05,2018-08-07,overall world ranking,historical ranking table plus institutional corroboration,false,All eligible observations are official published bands; no midpoint conversion.
Times Higher Education,2019,World University Rankings 2019,2018-09-26,2019-08-06,overall world ranking,historical ranking table plus institutional corroboration,false,All eligible observations are official published bands; no midpoint conversion.
Times Higher Education,2020,World University Rankings 2020,2019-09-11,2020-08-23,overall world ranking,historical ranking table plus institutional corroboration,false,All eligible observations are official published bands; no midpoint conversion.
ARWU,2018,Academic Ranking of World Universities 2017,2017-08-15,2018-08-07,overall world ranking,historical University of Porto ARWU table,false,Only ranked Top-500 entries are included; candidate institutions outside the ranking are not promoted to bands.
ARWU,2019,Academic Ranking of World Universities 2018,2018-08-15,2019-08-06,overall world ranking,historical University of Porto ARWU table,false,Only ranked Top-500 entries are included; candidate institutions outside the ranking are not promoted to bands.
ARWU,2020,Academic Ranking of World Universities 2020,2020-08-15,2020-08-23,overall world ranking,historical University of Porto ARWU table,false,Expanded published ranking bands are retained categorically; publication falls after opening but before the frozen application deadline.
