year,area,vacancies,first_choice_applicants,placements,remaining_vacancies,source_document,source_table,canonical_area,stem_code,national_placements,stem_component,placement_share,occupancy_rate,first_choice_pressure
2017,Ciências Físicas,1260,963,1185,83,ingresso_no_ensino_superior_publico_2017-2018.pdf,Quadro XII,Ciências Físicas,05,44914,"Natural sciences, mathematics and statistics",0.02638375562,0.9404761905,0.7642857143
2017,Ciências da Vida,2248,2185,2107,145,ingresso_no_ensino_superior_publico_2017-2018.pdf,Quadro XII,Ciências da Vida,05,44914,"Natural sciences, mathematics and statistics",0.04691187603,0.9372775801,0.971975089
2017,Matemática e Estatística,537,601,524,13,ingresso_no_ensino_superior_publico_2017-2018.pdf,Quadro XII,Matemática e Estatística,05,44914,"Natural sciences, mathematics and statistics",0.01166674088,0.9757914339,1.119180633
2017,Informática,1028,807,820,210,ingresso_no_ensino_superior_publico_2017-2018.pdf,Quadro XII,Informática,06,44914,Information and communication technologies,0.01825711359,0.7976653696,0.7850194553
2017,Arquitectura e Construção,1935,878,1309,635,ingresso_no_ensino_superior_publico_2017-2018.pdf,Quadro XII,Arquitetura e Construção,07,44914,"Engineering, manufacturing and construction",0.02914458743,0.6764857881,0.45374677
2017,Engenharia e Técnicas Afins,9063,9048,7664,1412,ingresso_no_ensino_superior_publico_2017-2018.pdf,Quadro XII,Engenharia e Técnicas Afins,07,44914,"Engineering, manufacturing and construction",0.1706372178,0.8456361028,0.9983449189
2017,Indústrias Transformadoras,584,218,317,267,ingresso_no_ensino_superior_publico_2017-2018.pdf,Quadro XII,Indústrias Transformadoras,07,44914,"Engineering, manufacturing and construction",0.007057932939,0.5428082192,0.3732876712
2018,Ciências Físicas,1301,1198,1234,78,resultados_da_1_fase_do_concurso_nacional_de_acesso_-_anexo_1.pdf,Quadro V,Ciências Físicas,05,43992,"Natural sciences, mathematics and statistics",0.02805055465,0.948501153,0.9208301307
2018,Ciências da Vida,2254,2133,2066,191,resultados_da_1_fase_do_concurso_nacional_de_acesso_-_anexo_1.pdf,Quadro V,Ciências da Vida,05,43992,"Natural sciences, mathematics and statistics",0.0469630842,0.916592724,0.9463176575
2018,Matemática e Estatística,560,574,537,23,resultados_da_1_fase_do_concurso_nacional_de_acesso_-_anexo_1.pdf,Quadro V,Matemática e Estatística,05,43992,"Natural sciences, mathematics and statistics",0.01220676487,0.9589285714,1.025
2018,Informática,1079,665,763,317,resultados_da_1_fase_do_concurso_nacional_de_acesso_-_anexo_1.pdf,Quadro V,Informática,06,43992,Information and communication technologies,0.01734406256,0.7071362373,0.6163113994
2018,Arquitectura e Construção,1796,901,1204,596,resultados_da_1_fase_do_concurso_nacional_de_acesso_-_anexo_1.pdf,Quadro V,Arquitetura e Construção,07,43992,"Engineering, manufacturing and construction",0.02736861247,0.6703786192,0.5016703786
2018,Engenharia e Técnicas Afins,9277,8005,7461,1829,resultados_da_1_fase_do_concurso_nacional_de_acesso_-_anexo_1.pdf,Quadro V,Engenharia e Técnicas Afins,07,43992,"Engineering, manufacturing and construction",0.169599018,0.8042470626,0.8628867091
2018,Indústrias Transformadoras,542,190,274,268,resultados_da_1_fase_do_concurso_nacional_de_acesso_-_anexo_1.pdf,Quadro V,Indústrias Transformadoras,07,43992,"Engineering, manufacturing and construction",0.006228405165,0.5055350554,0.3505535055
2020,Ciências Físicas,1482,1247,1412,95,anexo_i_-_resultados_da_1_fase_do_concurso_nacional_de_acesso_2020.pdf,Quadro V,Ciências Físicas,05,50964,"Natural sciences, mathematics and statistics",0.02770583157,0.9527665317,0.8414304993
2020,Ciências da Vida,2522,2316,2390,170,anexo_i_-_resultados_da_1_fase_do_concurso_nacional_de_acesso_2020.pdf,Quadro V,Ciências da Vida,05,50964,"Natural sciences, mathematics and statistics",0.04689584805,0.9476605868,0.9183187946
2020,Matemática e Estatística,707,636,654,57,anexo_i_-_resultados_da_1_fase_do_concurso_nacional_de_acesso_2020.pdf,Quadro V,Matemática e Estatística,05,50964,"Natural sciences, mathematics and statistics",0.01283258771,0.9250353607,0.8995756719
2020,Informática,1280,949,999,291,anexo_i_-_resultados_da_1_fase_do_concurso_nacional_de_acesso_2020.pdf,Quadro V,Informática,06,50964,Information and communication technologies,0.01960207205,0.78046875,0.74140625
2020,Arquitetura e Construção,1905,1413,1426,494,anexo_i_-_resultados_da_1_fase_do_concurso_nacional_de_acesso_2020.pdf,Quadro V,Arquitetura e Construção,07,50964,"Engineering, manufacturing and construction",0.02798053528,0.7485564304,0.7417322835
2020,Engenharia e Técnicas Afins,10501,9493,8669,1890,anexo_i_-_resultados_da_1_fase_do_concurso_nacional_de_acesso_2020.pdf,Quadro V,Engenharia e Técnicas Afins,07,50964,"Engineering, manufacturing and construction",0.1701004631,0.8255404247,0.904009142
2020,Indústrias Transformadoras,574,171,336,242,anexo_i_-_resultados_da_1_fase_do_concurso_nacional_de_acesso_2020.pdf,Quadro V,Indústrias Transformadoras,07,50964,"Engineering, manufacturing and construction",0.006592889098,0.5853658537,0.2979094077
2021,Ciências Físicas,1175,982,1058,126,anexo_i_-_resultados_da_1_fase_do_concurso_nacional_de_acesso_2021.pdf,Quadro V,Ciências Físicas,05,49452,"Natural sciences, mathematics and statistics",0.02139448354,0.9004255319,0.8357446809
2021,Ciências da Vida,2408,2964,2289,132,anexo_i_-_resultados_da_1_fase_do_concurso_nacional_de_acesso_2021.pdf,Quadro V,Ciências da Vida,05,49452,"Natural sciences, mathematics and statistics",0.04628730891,0.9505813953,1.23089701
2021,Matemática e Estatística,705,576,619,86,anexo_i_-_resultados_da_1_fase_do_concurso_nacional_de_acesso_2021.pdf,Quadro V,Matemática e Estatística,05,49452,"Natural sciences, mathematics and statistics",0.01251718838,0.8780141844,0.8170212766
2021,Informática,1458,830,1092,369,anexo_i_-_resultados_da_1_fase_do_concurso_nacional_de_acesso_2021.pdf,Quadro V,Informática,06,49452,Information and communication technologies,0.02208201893,0.7489711934,0.5692729767
2021,Arquitetura e Construção,1892,1423,1319,586,anexo_i_-_resultados_da_1_fase_do_concurso_nacional_de_acesso_2021.pdf,Quadro V,Arquitetura e Construção,07,49452,"Engineering, manufacturing and construction",0.02667232872,0.6971458774,0.7521141649
2021,Engenharia e Técnicas Afins,10363,8331,8011,2390,anexo_i_-_resultados_da_1_fase_do_concurso_nacional_de_acesso_2021.pdf,Quadro V,Engenharia e Técnicas Afins,07,49452,"Engineering, manufacturing and construction",0.1619954704,0.7730386954,0.8039177844
2021,Indústrias Transformadoras,591,147,304,290,anexo_i_-_resultados_da_1_fase_do_concurso_nacional_de_acesso_2021.pdf,Quadro V,Indústrias Transformadoras,07,49452,"Engineering, manufacturing and construction",0.006147375233,0.5143824027,0.2487309645
2022,Ciências Físicas,1164,884,1013,154,resultados_da_1_fase_do_concurso_nacional_de_acesso.pdf,Quadro V,Ciências Físicas,05,49806,"Natural sciences, mathematics and statistics",0.02033891499,0.8702749141,0.7594501718
2022,Ciências da Vida,2181,2416,2126,67,resultados_da_1_fase_do_concurso_nacional_de_acesso.pdf,Quadro V,Ciências da Vida,05,49806,"Natural sciences, mathematics and statistics",0.04268562021,0.97478221,1.107748739
2022,Matemática e Estatística,743,702,708,35,resultados_da_1_fase_do_concurso_nacional_de_acesso.pdf,Quadro V,Matemática e Estatística,05,49806,"Natural sciences, mathematics and statistics",0.0142151548,0.9528936743,0.9448183042
2022,Informática,1631,1383,1349,289,resultados_da_1_fase_do_concurso_nacional_de_acesso.pdf,Quadro V,Informática,06,49806,Information and communication technologies,0.02708509015,0.8270999387,0.8479460454
2022,Arquitetura e Construção,1762,1545,1323,441,resultados_da_1_fase_do_concurso_nacional_de_acesso.pdf,Quadro V,Arquitetura e Construção,07,49806,"Engineering, manufacturing and construction",0.02656306469,0.7508513053,0.8768444949
2022,Engenharia e Técnicas Afins,10275,8904,8296,2001,resultados_da_1_fase_do_concurso_nacional_de_acesso.pdf,Quadro V,Engenharia e Técnicas Afins,07,49806,"Engineering, manufacturing and construction",0.1665662772,0.8073965937,0.8665693431
2022,Indústrias Transformadoras,543,121,294,251,resultados_da_1_fase_do_concurso_nacional_de_acesso.pdf,Quadro V,Indústrias Transformadoras,07,49806,"Engineering, manufacturing and construction",0.005902903265,0.5414364641,0.2228360958
2023,Ciências Físicas,1076,754,882,196,nota_cna23_1f_1.pdf,Quadro V,Ciências Físicas,05,49438,"Natural sciences, mathematics and statistics",0.01784052753,0.8197026022,0.7007434944
2023,Ciências da Vida,2248,2098,2119,140,nota_cna23_1f_1.pdf,Quadro V,Ciências da Vida,05,49438,"Natural sciences, mathematics and statistics",0.04286176625,0.9426156584,0.9332740214
2023,Matemática e Estatística,753,705,720,34,nota_cna23_1f_1.pdf,Quadro V,Matemática e Estatística,05,49438,"Natural sciences, mathematics and statistics",0.01456369594,0.9561752988,0.9362549801
2023,Informática,1786,1335,1447,344,nota_cna23_1f_1.pdf,Quadro V,Informática,06,49438,Information and communication technologies,0.02926898337,0.8101903695,0.7474804031
2023,Arquitetura e Construção,1696,1413,1299,400,nota_cna23_1f_1.pdf,Quadro V,Arquitetura e Construção,07,49438,"Engineering, manufacturing and construction",0.02627533476,0.7659198113,0.8331367925
2023,Engenharia e Técnicas Afins,10242,8635,8233,2018,nota_cna23_1f_1.pdf,Quadro V,Engenharia e Técnicas Afins,07,49438,"Engineering, manufacturing and construction",0.1665318176,0.8038469049,0.8430970514
2023,Indústrias Transformadoras,554,142,284,270,nota_cna23_1f_1.pdf,Quadro V,Indústrias Transformadoras,07,49438,"Engineering, manufacturing and construction",0.005744568955,0.5126353791,0.2563176895
2024,Ciências Físicas,1075,719,880,197,nota_cna24_1f_1.pdf,Quadro V,Ciências Físicas,05,49963,"Natural sciences, mathematics and statistics",0.01761303364,0.8186046512,0.6688372093
2024,Ciências da Vida,2307,2009,2077,232,nota_cna24_1f_1.pdf,Quadro V,Ciências da Vida,05,49963,"Natural sciences, mathematics and statistics",0.04157076236,0.9003034244,0.870827915
2024,Matemática e Estatística,766,707,720,46,nota_cna24_1f_1.pdf,Quadro V,Matemática e Estatística,05,49963,"Natural sciences, mathematics and statistics",0.01441066389,0.9399477807,0.9229765013
2024,Informática,1803,1375,1460,346,nota_cna24_1f_1.pdf,Quadro V,Informática,06,49963,Information and communication technologies,0.029221624,0.8097615086,0.7626178591
2024,Arquitetura e Construção,1697,1817,1387,316,nota_cna24_1f_1.pdf,Quadro V,Arquitetura e Construção,07,49963,"Engineering, manufacturing and construction",0.0277605428,0.8173246906,1.070713023
2024,Engenharia e Técnicas Afins,10242,8955,8547,1702,nota_cna24_1f_1.pdf,Quadro V,Engenharia e Técnicas Afins,07,49963,"Engineering, manufacturing and construction",0.1710665893,0.8345049795,0.874340949
2024,Indústrias Transformadoras,506,134,294,212,nota_cna24_1f_1.pdf,Quadro V,Indústrias Transformadoras,07,49963,"Engineering, manufacturing and construction",0.005884354422,0.581027668,0.2648221344
2025,Ciências Físicas,1066,591,649,417,nota_cna25_1f_1.pdf,Quadro V,Ciências Físicas,05,43899,"Natural sciences, mathematics and statistics",0.01478393585,0.6088180113,0.5544090056
2025,Ciências da Vida,2304,1391,1684,621,nota_cna25_1f_1.pdf,Quadro V,Ciências da Vida,05,43899,"Natural sciences, mathematics and statistics",0.03836078271,0.7309027778,0.6037326389
2025,Matemática e Estatística,767,639,657,110,nota_cna25_1f_1.pdf,Quadro V,Matemática e Estatística,05,43899,"Natural sciences, mathematics and statistics",0.01496617235,0.8565840939,0.8331160365
2025,Informática,1900,931,1064,836,nota_cna25_1f_1.pdf,Quadro V,Informática,06,43899,Information and communication technologies,0.02423745416,0.56,0.49
2025,Arquitetura e Construção,1685,1706,1333,353,nota_cna25_1f_1.pdf,Quadro V,Arquitetura e Construção,07,43899,"Engineering, manufacturing and construction",0.03036515638,0.7910979228,1.012462908
2025,Engenharia e Técnicas Afins,10241,7572,7529,2716,nota_cna25_1f_1.pdf,Quadro V,Engenharia e Técnicas Afins,07,43899,"Engineering, manufacturing and construction",0.1715073236,0.7351821111,0.7393809198
2025,Indústrias Transformadoras,508,137,267,241,nota_cna25_1f_1.pdf,Quadro V,Indústrias Transformadoras,07,43899,"Engineering, manufacturing and construction",0.006082143101,0.5255905512,0.2696850394
2026,Ciências Físicas,1075,561,773,305,nota_cna26_1f_2.pdf,Quadro V,Ciências Físicas,05,49991,"Natural sciences, mathematics and statistics",0.0154627833,0.7190697674,0.5218604651
2026,Ciências da Vida,2286,1843,2000,293,nota_cna26_1f_2.pdf,Quadro V,Ciências da Vida,05,49991,"Natural sciences, mathematics and statistics",0.0400072013,0.8748906387,0.8062117235
2026,Matemática e Estatística,854,788,784,71,nota_cna26_1f_2.pdf,Quadro V,Matemática e Estatística,05,49991,"Natural sciences, mathematics and statistics",0.01568282291,0.9180327869,0.9227166276
2026,Informática,1693,961,1312,383,nota_cna26_1f_2.pdf,Quadro V,Informática,06,49991,Information and communication technologies,0.02624472405,0.7749556999,0.5676314235
2026,Arquitectura e Construção,1752,2045,1499,259,nota_cna26_1f_2.pdf,Quadro V,Arquitetura e Construção,07,49991,"Engineering, manufacturing and construction",0.02998539737,0.8555936073,1.167237443
2026,Engenharia e Técnicas Afins,10548,8790,8557,1997,nota_cna26_1f_2.pdf,Quadro V,Engenharia e Técnicas Afins,07,49991,"Engineering, manufacturing and construction",0.1711708107,0.8112438377,0.8333333333
2026,Indústrias Transformadoras,522,115,256,266,nota_cna26_1f_2.pdf,Quadro V,Indústrias Transformadoras,07,49991,"Engineering, manufacturing and construction",0.005120921766,0.4904214559,0.2203065134
