provider,admission_year,coverage_status,verified_parent_ids,unresolved_parent_ids,evidence_note
QS,2018,verified_partial,"ulisboa|uporto|nova|uc|ua|uminho","","Frozen QS 2019 overall edition; six-parent core verified. UAlg and UBI entered overall QS only in later editions; ISCTE historical evidence is subject-ranking rather than overall-ranking coverage."
QS,2019,verified_partial,"ulisboa|uporto|nova|uc|ua|uminho","","Frozen QS 2020 overall edition; six-parent core verified under the same overall-ranking scope."
QS,2020,verified_partial,"ulisboa|uporto|nova|uc|ua|uminho","","Frozen QS 2021 overall edition; six-parent core verified under the same overall-ranking scope."
Times Higher Education,2018,verified_partial,"uporto|ua|uc|ulisboa|nova|ubi|uminho|utad|uevora","ualg|iscte|uma","Recovered historical series verifies UBI, UTAD and Evora alongside the core; UAc is later-entry and not covered. UAlg, ISCTE and Madeira require edition-specific confirmation before coding."
Times Higher Education,2019,verified_partial,"uporto|ua|uc|ulisboa|nova|ubi|uminho|utad|uevora","ualg|iscte|uma","Recovered historical series verifies UBI, UTAD and Evora alongside the core; UAc is later-entry and not covered. UAlg, ISCTE and Madeira require edition-specific confirmation before coding."
Times Higher Education,2020,verified_partial,"uporto|ua|uc|ulisboa|nova|ualg|ubi|iscte|uminho|utad|uevora","uma","A contemporary Portuguese project using THE 2020/2021 data verifies these parents and explicitly notes UTAD and Evora in the 2020 publication; UAc is a later entrant. Madeira remains unresolved."
ARWU,2018,unresolved,"","uac|ualg|ua|ubi|uc|uevora|nova|uminho|uporto|utad|uma|ulisboa|iscte","Eligible edition is ARWU 2017. Complete Portugal membership not reproducibly verified under the repository source contract."
ARWU,2019,unresolved,"","uac|ualg|ua|ubi|uc|uevora|nova|uminho|uporto|utad|uma|ulisboa|iscte","Eligible edition is ARWU 2018. Complete Portugal membership not reproducibly verified under the repository source contract."
ARWU,2020,unresolved,"","uac|ualg|ua|ubi|uc|uevora|nova|uminho|uporto|utad|uma|ulisboa|iscte","Eligible edition is ARWU 2020. Complete Portugal membership not reproducibly verified under the repository source contract; timing edge case remains primary-rule eligible."
