source_document_year,source_url,source_pages,source_section,source_type,provider_bytes_bundled,year,programme_code,programme_name,degree,institution_code,institution_name,vacancies,applicants,first_choice_applicants,placements,first_choice_placements,last_placed_general_contingent_grade,mean_application_grade_placed,mean_entrance_exam_grade_placed,mean_secondary_grade_placed
2019,https://www.dges.gov.pt/guias/pdfs/statcol/2019/StatsCurso19.pdf,C56-C57,9147 Gestão [Licenciatura],DGES StatsCurso comparative first-phase table,False,2018,9147,Gestão,Licenciatura,0170,Universidade dos Açores - Faculdade de Economia e Gestão,50,88,48,50,46,110.3,135.0,125.5,140.1
2019,https://www.dges.gov.pt/guias/pdfs/statcol/2019/StatsCurso19.pdf,C56-C57,9147 Gestão [Licenciatura],DGES StatsCurso comparative first-phase table,False,2018,9147,Gestão,Licenciatura,0300,Universidade de Aveiro,40,449,76,40,20,159.2,164.5,156.9,169.5
2019,https://www.dges.gov.pt/guias/pdfs/statcol/2019/StatsCurso19.pdf,C56-C57,9147 Gestão [Licenciatura],DGES StatsCurso comparative first-phase table,False,2018,9147,Gestão,Licenciatura,0400,Universidade da Beira Interior,60,382,63,60,27,143.9,151.3,146.8,153.8
2019,https://www.dges.gov.pt/guias/pdfs/statcol/2019/StatsCurso19.pdf,C56-C57,9147 Gestão [Licenciatura],DGES StatsCurso comparative first-phase table,False,2018,9147,Gestão,Licenciatura,0503,Universidade de Coimbra - Faculdade de Economia,89,750,144,89,43,154.0,161.7,156.7,166.6
2019,https://www.dges.gov.pt/guias/pdfs/statcol/2019/StatsCurso19.pdf,C56-C57,9147 Gestão [Licenciatura],DGES StatsCurso comparative first-phase table,False,2018,9147,Gestão,Licenciatura,0604,Universidade de Évora - Escola de Ciências Sociais,65,304,69,65,40,128.7,144.3,136.7,148.3
2019,https://www.dges.gov.pt/guias/pdfs/statcol/2019/StatsCurso19.pdf,C56-C57,9147 Gestão [Licenciatura],DGES StatsCurso comparative first-phase table,False,2018,9147,Gestão,Licenciatura,0904,Universidade Nova de Lisboa - Faculdade de Economia,195,988,418,195,178,169.0,176.7,177.1,176.3
2019,https://www.dges.gov.pt/guias/pdfs/statcol/2019/StatsCurso19.pdf,C56-C57,9147 Gestão [Licenciatura],DGES StatsCurso comparative first-phase table,False,2018,9147,Gestão,Licenciatura,1000,Universidade do Minho,73,758,190,73,34,165.4,171.2,162.7,176.9
2019,https://www.dges.gov.pt/guias/pdfs/statcol/2019/StatsCurso19.pdf,C56-C57,9147 Gestão [Licenciatura],DGES StatsCurso comparative first-phase table,False,2018,9147,Gestão,Licenciatura,1104,Universidade do Porto - Faculdade de Economia,115,954,386,115,102,175.0,180.5,178.5,182.5
2019,https://www.dges.gov.pt/guias/pdfs/statcol/2019/StatsCurso19.pdf,C56-C57,9147 Gestão [Licenciatura],DGES StatsCurso comparative first-phase table,False,2018,9147,Gestão,Licenciatura,1202,Universidade de Trás-os-Montes e Alto Douro - Escola de Ciências Humanas e Sociais,54,372,119,54,32,150.9,160.0,154.7,162.8
2019,https://www.dges.gov.pt/guias/pdfs/statcol/2019/StatsCurso19.pdf,C56-C57,9147 Gestão [Licenciatura],DGES StatsCurso comparative first-phase table,False,2018,9147,Gestão,Licenciatura,1308,Universidade da Madeira - Faculdade de Ciências Sociais,55,137,86,55,51,132.3,150.4,143.9,155.7
2019,https://www.dges.gov.pt/guias/pdfs/statcol/2019/StatsCurso19.pdf,C56-C57,9147 Gestão [Licenciatura],DGES StatsCurso comparative first-phase table,False,2018,9147,Gestão,Licenciatura,1517,Universidade de Lisboa - Instituto Superior de Economia e Gestão,168,1370,212,168,43,154.5,159.6,154.4,164.7
2019,https://www.dges.gov.pt/guias/pdfs/statcol/2019/StatsCurso19.pdf,C56-C57,9147 Gestão [Licenciatura],DGES StatsCurso comparative first-phase table,False,2018,9147,Gestão,Licenciatura,3043,Instituto Politécnico de Bragança - Escola Superior de Tecnologia e de Gestão de Bragança,80,256,50,81,38,123.8,131.9,117.9,139.5
2019,https://www.dges.gov.pt/guias/pdfs/statcol/2019/StatsCurso19.pdf,C56-C57,9147 Gestão [Licenciatura],DGES StatsCurso comparative first-phase table,False,2018,9147,Gestão,Licenciatura,3054,Instituto Politécnico de Castelo Branco - Escola Superior de Gestão de Idanha-a-Nova,35,48,6,8,6,119.7,125.6,115.0,131.3
2019,https://www.dges.gov.pt/guias/pdfs/statcol/2019/StatsCurso19.pdf,C56-C57,9147 Gestão [Licenciatura],DGES StatsCurso comparative first-phase table,False,2018,9147,Gestão,Licenciatura,3065,Instituto Politécnico de Coimbra - Escola Superior de Tecnologia e Gestão de Oliveira do Hospital,34,283,21,34,11,132.0,136.0,127.0,140.7
2019,https://www.dges.gov.pt/guias/pdfs/statcol/2019/StatsCurso19.pdf,C56-C57,9147 Gestão [Licenciatura],DGES StatsCurso comparative first-phase table,False,2018,9147,Gestão,Licenciatura,3082,"Universidade do Algarve - Escola Superior de Gestão, Hotelaria e Turismo",70,254,58,79,57,116.8,132.6,125.9,136.2
2019,https://www.dges.gov.pt/guias/pdfs/statcol/2019/StatsCurso19.pdf,C56-C57,9147 Gestão [Licenciatura],DGES StatsCurso comparative first-phase table,False,2018,9147,Gestão,Licenciatura,3087,"Universidade do Algarve - Escola Superior de Gestão, Hotelaria e Turismo (Portimão)",30,86,12,23,12,104.2,120.6,111.4,125.4
2019,https://www.dges.gov.pt/guias/pdfs/statcol/2019/StatsCurso19.pdf,C56-C57,9147 Gestão [Licenciatura],DGES StatsCurso comparative first-phase table,False,2018,9147,Gestão,Licenciatura,3092,Instituto Politécnico da Guarda - Escola Superior de Tecnologia e Gestão,45,151,18,38,18,95.0,124.0,116.7,128.0
2019,https://www.dges.gov.pt/guias/pdfs/statcol/2019/StatsCurso19.pdf,C56-C57,9147 Gestão [Licenciatura],DGES StatsCurso comparative first-phase table,False,2018,9147,Gestão,Licenciatura,3102,Instituto Politécnico de Leiria - Escola Superior de Tecnologia e Gestão,80,313,87,84,60,128.6,140.1,131.7,144.6
2019,https://www.dges.gov.pt/guias/pdfs/statcol/2019/StatsCurso19.pdf,C56-C57,9147 Gestão [Licenciatura],DGES StatsCurso comparative first-phase table,False,2018,9147,Gestão,Licenciatura,3117,Instituto Politécnico de Lisboa - Instituto Superior de Contabilidade e Administração de Lisboa,104,882,227,106,34,152.0,156.1,154.9,156.7
2019,https://www.dges.gov.pt/guias/pdfs/statcol/2019/StatsCurso19.pdf,C56-C57,9147 Gestão [Licenciatura],DGES StatsCurso comparative first-phase table,False,2018,9147,Gestão,Licenciatura,3122,Instituto Politécnico de Portalegre - Escola Superior de Tecnologia e Gestão,43,94,18,24,18,113.7,124.6,117.2,128.6
2019,https://www.dges.gov.pt/guias/pdfs/statcol/2019/StatsCurso19.pdf,C56-C57,9147 Gestão [Licenciatura],DGES StatsCurso comparative first-phase table,False,2018,9147,Gestão,Licenciatura,3163,Instituto Politécnico de Viana do Castelo - Escola Superior de Tecnologia e Gestão,50,196,44,50,27,139.1,146.0,135.5,151.6
2019,https://www.dges.gov.pt/guias/pdfs/statcol/2019/StatsCurso19.pdf,C56-C57,9147 Gestão [Licenciatura],DGES StatsCurso comparative first-phase table,False,2018,9147,Gestão,Licenciatura,6800,ISCTE - Instituto Universitário de Lisboa,175,1212,357,175,103,162.0,166.3,163.2,169.2
2019,https://www.dges.gov.pt/guias/pdfs/statcol/2019/StatsCurso19.pdf,C56-C57,9147 Gestão [Licenciatura],DGES StatsCurso comparative first-phase table,False,2019,9147,Gestão,Licenciatura,0170,Universidade dos Açores - Faculdade de Economia e Gestão,50,101,53,50,44,120.7,135.9,121.3,143.7
2019,https://www.dges.gov.pt/guias/pdfs/statcol/2019/StatsCurso19.pdf,C56-C57,9147 Gestão [Licenciatura],DGES StatsCurso comparative first-phase table,False,2019,9147,Gestão,Licenciatura,0300,Universidade de Aveiro,40,557,101,40,22,165.2,164.0,158.9,167.3
2019,https://www.dges.gov.pt/guias/pdfs/statcol/2019/StatsCurso19.pdf,C56-C57,9147 Gestão [Licenciatura],DGES StatsCurso comparative first-phase table,False,2019,9147,Gestão,Licenciatura,0400,Universidade da Beira Interior,65,381,70,66,19,145.9,151.4,148.2,153.0
2019,https://www.dges.gov.pt/guias/pdfs/statcol/2019/StatsCurso19.pdf,C56-C57,9147 Gestão [Licenciatura],DGES StatsCurso comparative first-phase table,False,2019,9147,Gestão,Licenciatura,0503,Universidade de Coimbra - Faculdade de Economia,89,812,142,89,37,159.5,165.0,163.0,167.0
2019,https://www.dges.gov.pt/guias/pdfs/statcol/2019/StatsCurso19.pdf,C56-C57,9147 Gestão [Licenciatura],DGES StatsCurso comparative first-phase table,False,2019,9147,Gestão,Licenciatura,0604,Universidade de Évora - Escola de Ciências Sociais,65,341,85,66,37,137.8,147.9,140.6,151.9
2019,https://www.dges.gov.pt/guias/pdfs/statcol/2019/StatsCurso19.pdf,C56-C57,9147 Gestão [Licenciatura],DGES StatsCurso comparative first-phase table,False,2019,9147,Gestão,Licenciatura,0904,Universidade Nova de Lisboa - Faculdade de Economia,195,1252,521,195,185,176.5,179.8,181.2,178.3
2019,https://www.dges.gov.pt/guias/pdfs/statcol/2019/StatsCurso19.pdf,C56-C57,9147 Gestão [Licenciatura],DGES StatsCurso comparative first-phase table,False,2019,9147,Gestão,Licenciatura,1000,Universidade do Minho,73,764,212,73,41,170.0,173.3,166.7,177.6
2019,https://www.dges.gov.pt/guias/pdfs/statcol/2019/StatsCurso19.pdf,C56-C57,9147 Gestão [Licenciatura],DGES StatsCurso comparative first-phase table,False,2019,9147,Gestão,Licenciatura,1104,Universidade do Porto - Faculdade de Economia,132,1111,444,132,109,178.0,181.2,180.1,182.4
2019,https://www.dges.gov.pt/guias/pdfs/statcol/2019/StatsCurso19.pdf,C56-C57,9147 Gestão [Licenciatura],DGES StatsCurso comparative first-phase table,False,2019,9147,Gestão,Licenciatura,1202,Universidade de Trás-os-Montes e Alto Douro - Escola de Ciências Humanas e Sociais,56,395,98,56,23,155.2,160.1,157.0,161.7
2019,https://www.dges.gov.pt/guias/pdfs/statcol/2019/StatsCurso19.pdf,C56-C57,9147 Gestão [Licenciatura],DGES StatsCurso comparative first-phase table,False,2019,9147,Gestão,Licenciatura,1308,Universidade da Madeira - Faculdade de Ciências Sociais,55,204,111,55,48,136.3,152.3,148.2,155.6
2019,https://www.dges.gov.pt/guias/pdfs/statcol/2019/StatsCurso19.pdf,C56-C57,9147 Gestão [Licenciatura],DGES StatsCurso comparative first-phase table,False,2019,9147,Gestão,Licenciatura,1517,Universidade de Lisboa - Instituto Superior de Economia e Gestão,168,1519,243,170,32,159.5,162.7,160.6,164.7
2019,https://www.dges.gov.pt/guias/pdfs/statcol/2019/StatsCurso19.pdf,C56-C57,9147 Gestão [Licenciatura],DGES StatsCurso comparative first-phase table,False,2019,9147,Gestão,Licenciatura,3043,Instituto Politécnico de Bragança - Escola Superior de Tecnologia e de Gestão de Bragança,80,266,59,80,43,126.6,131.8,120.6,137.8
2019,https://www.dges.gov.pt/guias/pdfs/statcol/2019/StatsCurso19.pdf,C56-C57,9147 Gestão [Licenciatura],DGES StatsCurso comparative first-phase table,False,2019,9147,Gestão,Licenciatura,3054,Instituto Politécnico de Castelo Branco - Escola Superior de Gestão de Idanha-a-Nova,35,105,5,22,5,108.5,126.5,118.0,131.1
2019,https://www.dges.gov.pt/guias/pdfs/statcol/2019/StatsCurso19.pdf,C56-C57,9147 Gestão [Licenciatura],DGES StatsCurso comparative first-phase table,False,2019,9147,Gestão,Licenciatura,3065,Instituto Politécnico de Coimbra - Escola Superior de Tecnologia e Gestão de Oliveira do Hospital,40,286,30,42,8,132.5,138.8,127.9,144.6
2019,https://www.dges.gov.pt/guias/pdfs/statcol/2019/StatsCurso19.pdf,C56-C57,9147 Gestão [Licenciatura],DGES StatsCurso comparative first-phase table,False,2019,9147,Gestão,Licenciatura,3082,"Universidade do Algarve - Escola Superior de Gestão, Hotelaria e Turismo",70,281,68,75,46,127.1,136.6,131.9,139.1
2019,https://www.dges.gov.pt/guias/pdfs/statcol/2019/StatsCurso19.pdf,C56-C57,9147 Gestão [Licenciatura],DGES StatsCurso comparative first-phase table,False,2019,9147,Gestão,Licenciatura,3087,"Universidade do Algarve - Escola Superior de Gestão, Hotelaria e Turismo (Portimão)",30,89,19,32,19,106.1,126.1,117.7,130.6
2019,https://www.dges.gov.pt/guias/pdfs/statcol/2019/StatsCurso19.pdf,C56-C57,9147 Gestão [Licenciatura],DGES StatsCurso comparative first-phase table,False,2019,9147,Gestão,Licenciatura,3092,Instituto Politécnico da Guarda - Escola Superior de Tecnologia e Gestão,45,159,17,45,17,105.0,122.5,112.2,128.1
2019,https://www.dges.gov.pt/guias/pdfs/statcol/2019/StatsCurso19.pdf,C56-C57,9147 Gestão [Licenciatura],DGES StatsCurso comparative first-phase table,False,2019,9147,Gestão,Licenciatura,3102,Instituto Politécnico de Leiria - Escola Superior de Tecnologia e Gestão,80,379,96,82,53,130.3,141.3,136.4,144.0
2019,https://www.dges.gov.pt/guias/pdfs/statcol/2019/StatsCurso19.pdf,C56-C57,9147 Gestão [Licenciatura],DGES StatsCurso comparative first-phase table,False,2019,9147,Gestão,Licenciatura,3117,Instituto Politécnico de Lisboa - Instituto Superior de Contabilidade e Administração de Lisboa,104,810,175,105,26,153.1,155.4,152.8,156.8
2019,https://www.dges.gov.pt/guias/pdfs/statcol/2019/StatsCurso19.pdf,C56-C57,9147 Gestão [Licenciatura],DGES StatsCurso comparative first-phase table,False,2019,9147,Gestão,Licenciatura,3122,Instituto Politécnico de Portalegre - Escola Superior de Tecnologia e Gestão,45,85,13,25,13,110.0,124.1,116.4,128.2
2019,https://www.dges.gov.pt/guias/pdfs/statcol/2019/StatsCurso19.pdf,C56-C57,9147 Gestão [Licenciatura],DGES StatsCurso comparative first-phase table,False,2019,9147,Gestão,Licenciatura,3163,Instituto Politécnico de Viana do Castelo - Escola Superior de Tecnologia e Gestão,54,209,50,54,24,142.2,145.2,139.3,148.3
2019,https://www.dges.gov.pt/guias/pdfs/statcol/2019/StatsCurso19.pdf,C56-C57,9147 Gestão [Licenciatura],DGES StatsCurso comparative first-phase table,False,2019,9147,Gestão,Licenciatura,6800,ISCTE - Instituto Universitário de Lisboa,175,1366,381,175,79,168.0,167.7,166.7,168.7
